Name,Team,FB%,FBv,SL%,SLv,CT%,CTv,CB%,CBv,CH%,CHv,SF%,SFv,KN%,KNv,XX%,NameASCII,PlayerId,MLBAMID
"Charlie Morton","ATL",0.38731637,94.01757632,,,0.07918309,88.5520362,0.42350412,81.55752961,0.10999642,85.00651466,,,,,0.00178891,"Charlie Morton",4676,450203
"Patrick Corbin","WSN",0.41412742,91.47658863,0.34279778,79.37474747,0.20948753,85.53057851,,,0.03358726,81.09278351,,,,,0.00034626,"Patrick Corbin",9323,571578
"Miles Mikolas","STL",0.5109138,92.8826937,0.28375879,85.73533246,,,0.12097669,76.30275229,0.08435072,85.64473684,,,,,0.00073937,"Miles Mikolas",9803,571945
"Kyle Gibson","STL",0.39218524,90.97416974,0.20875543,80.77642981,0.21562952,88.66946309,0.08429812,78.30901288,0.09913169,84.94160584,,,,,0.00036179,"Kyle Gibson",10123,502043
"Chris Sale","ATL",0.45506217,94.75175644,0.40319716,78.70396476,,,,,0.14174067,86.93483709,,,,,0.00106458,"Chris Sale",10603,519242
"Jose Quintana","NYM",0.52891096,90.78739101,0.05391983,77.95394737,,,0.22419298,77.62816456,0.19297623,85.76470588,,,,,0.002477,"Jose Quintana",11423,500779
"Jameson Taillon","CHC",0.40555779,92.39821251,0.15465163,80.48697917,0.25050342,86.55787781,0.1469996,79.62191781,0.04228756,86.02857143,,,,,,"Jameson Taillon",11674,592791
"Sonny Gray","STL",0.41723721,92.56756757,0.20257753,84.80119284,0.17720499,87.74318182,0.13934756,79.97976879,0.0636327,88.35443038,,,,,0.00120676,"Sonny Gray",12768,543243
"Tyler Anderson","LAA",0.42862045,89.40432346,0.00617708,81.27777778,0.19286205,84.21530249,0.00102951,71.66666667,0.37131091,78.98983364,,,,,0.00240137,"Tyler Anderson",12880,542881
"Max Fried","ATL",0.49384504,93.78445748,0.15821868,83.798627,,,0.21107893,74.69468268,0.13685735,85.77777778,,,,,0.00144613,"Max Fried",13743,608331
"Zach Eflin","- - -",0.37106661,91.9339207,0.10298324,79.71428571,0.28483858,88.19942611,0.18022068,78.86848073,0.06089089,85.74496644,,,,,,"Zach Eflin",13774,621107
"Michael Wacha","KCR",0.39085319,93.64011799,0.07993851,83.88942308,0.12528824,88.54601227,0.08147579,75.23584906,0.32244427,81.27056019,,,,,0.00115252,"Michael Wacha",14078,608379
"José Berríos","TOR",0.52161977,93.6625,,,0.03328758,91.37113402,0.28551819,83.25480769,0.15957447,84.86236559,,,,,0.00205761,"Jose Berrios",14168,621244
"Luis Castillo","SEA",0.63378804,95.62230812,0.22315495,85.71003135,,,,,0.14305701,88.08801956,,,,,0.00279818,"Luis Castillo",15689,622491
"Sean Manaea","NYM",0.55974633,92.37149672,0.24499332,79.34877384,0.07810414,88.31196581,,,0.11715621,85.35897436,,,,,0.00033367,"Sean Manaea",15873,640455
"Luis Severino","NYM",0.59861592,95.97283237,0.24221453,85.67571429,0.08373702,92.75619835,,,0.07543253,86.1559633,,,,,0.00069156,"Luis Severino",15890,622663
"Carlos Rodón","NYY",0.49419729,95.48727984,0.25950999,86.86583851,0.0341715,91.83962264,0.08317215,81.1124031,0.12894907,85.565,,,,,,"Carlos Rodon",16137,607074
"Aaron Nola","PHI",0.48291,92.12402597,,,0.09219191,87.52040816,0.32894324,79.16587226,0.09595484,85.75816993,,,,,0.00125274,"Aaron Nola",16149,605400
"Austin Gomber","COL",0.40442579,90.46886792,0.16673026,83.81006865,,,0.22396032,77.62010221,0.20488363,81.07821229,,,,,0.00038139,"Austin Gomber",16561,596295
"Pablo López","MIN",0.48158071,94.99374131,0.21868721,84.50382848,,,0.09979906,82.47651007,0.19993302,88.54438861,,,,,,"Pablo Lopez",17085,641154
"Framber Valdez","HOU",0.47074673,94.1529027,,,0.043495,85.0619469,0.31254811,79.69211823,0.17321016,89.92222222,,,,,0.00268714,"Framber Valdez",17295,664285
"Jack Flaherty","- - -",0.46477228,93.24539363,0.29155313,84.79572764,,,0.21720514,77.42293907,0.02646944,85.85294118,,,,,0.02910053,"Jack Flaherty",17479,656427
"Mitch Keller","PIT",0.52755353,93.99135063,0.15654616,82.98430493,0.21726922,89.17609047,0.0951211,78.38745387,0.00351,89.4,,,,,0.00105189,"Mitch Keller",17594,656605
"Nestor Cortes","NYY",0.45665146,92.07302075,0.16602317,78.25792812,0.28080028,87.54625,,,0.0965251,83.62909091,,,,,0.00070151,"Nestor Cortes",17874,641482
"Logan Webb","SFG",0.454375,92.61898212,0.2125,83.82205882,0.025,90.9,,,0.308125,87.39756592,,,,,0.00281074,"Logan Webb",17995,657277
"Dylan Cease","SDP",0.43538269,96.91714697,0.42973651,87.69562044,0.00690088,91.77272727,0.11919699,82.45263158,0.00878294,69.71428571,,,,,,"Dylan Cease",18525,656302
"Freddy Peralta","MIL",0.53881279,94.38559322,0.2159165,81.50453172,,,0.0704501,78.15740741,0.17482061,87.78731343,,,,,0.00130293,"Freddy Peralta",18679,642547
"Corbin Burnes","BAL",0.08013356,97,0.14490818,87.22119816,0.44808013,95.31818182,0.2163606,80.32253086,0.11051753,89.26283988,,,,,0.00066733,"Corbin Burnes",19361,669203
"Ronel Blanco","HOU",0.38349691,93.50995261,0.30134497,86.43063932,,,0.09378408,80.16666667,0.22137405,85.26436782,,,,,0.00072648,"Ronel Blanco",19407,669854
"Michael King","SDP",0.52227979,93.31547619,0.17823834,82.06589147,0.0552677,85.75625,,,0.24421416,86.73408769,,,,,0.00241796,"Michael King",19853,650633
"Griffin Canning","LAA",0.38598326,93.48780488,0.24058577,87.73623188,,,0.10704324,80.59609121,0.26638773,88.62172775,,,,,0.00278552,"Griffin Canning",19867,656288
"Yusei Kikuchi","- - -",0.470065,95.57569141,0.23366404,88.42313324,,,0.18508382,82.48613678,0.11118714,86.77230769,,,,,0.00102529,"Yusei Kikuchi",20633,579328
"Cristopher Sánchez","PHI",0.47336432,94.52870091,0.16839471,84.43312102,0.0014301,87,,,0.35681087,85.16132265,,,,,0.0003574,"Cristopher Sanchez",20778,650911
"Bailey Ober","MIN",0.38130564,91.78501946,0.11609792,80.34824281,0.19510386,86.21863118,0.01372404,76.43243243,0.29376855,83.40909091,,,,,0.00037078,"Bailey Ober",21224,641927
"Ryan Feltner","COL",0.49689682,94.52693208,0.24903026,87.59657321,,,0.10667184,79.34181818,0.14740109,85.26052632,,,,,0.00077519,"Ryan Feltner",21446,663372
"Jake Irvin","WSN",0.57977676,93.79105323,0.0026264,86.125,0.06533158,89.95477387,0.31319764,81.15513627,0.03906763,88.62184874,,,,,0.0013132,"Jake Irvin",21504,663623
"Cole Ragans","KCR",0.41821681,95.44785276,0.13341886,86.08894231,0.1080821,90.96130952,0.10359205,80.82972136,0.23669019,84.81842818,,,,,0.00032072,"Cole Ragans",21846,666142
"MacKenzie Gore","WSN",0.55344021,96.05431503,0.15698063,90.74893617,,,0.19706079,82.91186441,0.09251837,85.90974729,,,,,0.00033389,"MacKenzie Gore",22201,669022
"Tarik Skubal","DET",0.53907886,96.80459016,0.14619679,88.84009547,,,0.0418702,78.53333333,0.27285415,86.34883721,,,,,0.00069735,"Tarik Skubal",22267,669373
"JP Sears","OAK",0.47112356,91.51708767,0.33881694,78.94938017,,,,,0.1900595,83.97605893,,,,,0.0003499,"JP Sears",23429,676664
"Brayan Bello","BOS",0.4501845,95.70819672,0.2804428,86.83157895,,,,,0.26937269,87.67260274,,,,,0.00110579,"Brayan Bello",23920,678394
"Brady Singer","KCR",0.52764666,92.16357827,0.45515846,82.91777778,,,,,0.01719488,87.92156863,,,,,0.00101044,"Brady Singer",25377,663903
"Tanner Bibee","CLE",0.43739039,94.67522053,0.27849877,86.24055416,,,0.10452473,81.33221477,0.17958611,82.51953125,,,,,0.00070102,"Tanner Bibee",30134,676440
"Kutter Crawford","BOS",0.3372299,92.61764706,0.18349274,80.80501931,0.32022671,87.52433628,0.07155508,77.38613861,,,0.08749557,82.41700405,,,,"Kutter Crawford",20531,676710
"Shota Imanaga","CHC",0.52007722,91.70675575,0.07567568,81.65306122,0.0046332,89.66666667,0.03281853,72.54117647,0.02084942,88.74074074,0.34594595,82.79799107,,,0.00154202,"Shota Imanaga",33829,684007
"Chris Bassitt","TOR",0.45116593,92.57303371,0.1176073,77.25,0.19837783,89.63373083,0.13687056,71.02716049,0.05339642,84.46202532,0.04258195,84.20634921,,,0.00572776,"Chris Bassitt",12304,605135
"Bryce Miller","SEA",0.59403419,95.07042254,0.16806111,84.54545455,0.02218989,92.24590164,0.04474354,84.99186992,,,0.17097126,84.47021277,,,0.00145507,"Bryce Miller",29837,682243
"Logan Gilbert","SEA",0.3234714,96.61382114,0.32018409,88.50410678,0.1035503,92.38095238,0.11801446,83.29329609,,,0.13477975,84.52926829,,,0.00032873,"Logan Gilbert",22250,669302
"Seth Lugo","KCR",0.43894602,92.19838946,0.22975578,82.55944056,0.07326478,89.88596491,0.16580977,79.75193798,0.06105398,87.45789474,0.03116967,85.82474227,,,0.00128535,"Seth Lugo",12447,607625
"George Kirby","SEA",0.57633974,96.05964912,0.23862487,87.24858757,0.00370745,92.27272727,0.07954162,83.33898305,,,0.10144928,86.00664452,0.00033704,74,0.00067363,"George Kirby",25436,669923
"Kevin Gausman","TOR",0.58382712,93.9181601,0.08365284,82.80416667,,,,,,,0.33252004,86.01886792,,,0.03041568,"Kevin Gausman",14107,592332
"Zack Wheeler","PHI",0.60497766,95.11181435,0.12316528,84.97927461,0.0976388,91.09803922,0.10114869,81.84227129,,,0.07306956,86.17467249,,,0.00063776,"Zack Wheeler",10310,554430
"Colin Rea","MIL",0.50415094,92.60404192,0.17018868,82.06651885,0.19396226,87.69455253,0.04415094,78.79487179,,,0.08754717,86.54741379,,,0.00226244,"Colin Rea",12317,607067
"Erick Fedde","- - -",0.31176471,93.04661487,0.2017301,83.5025729,0.32318339,89.98286938,,,,,0.1633218,87.70974576,,,0.00172712,"Erick Fedde",17425,607200
"Hunter Brown","HOU",0.52959502,95.87843137,0.05434406,89.1910828,0.16787816,92.51546392,0.12461059,82.89722222,,,0.12357217,88.36134454,,,0.00034602,"Hunter Brown",25880,686613
"Nathan Eovaldi","TEX",0.37376049,95.48469388,0.02860412,85.97333333,0.15217391,91.31578947,0.13729977,76.79166667,,,0.30816171,88.48514851,,,0.00038124,"Nathan Eovaldi",9132,543135
"Tanner Houck","BOS",0.32394881,93.58803612,0.41352834,83.23430592,0.01462523,87.075,,,,,0.24789762,88.49705015,,,0.00182749,"Tanner Houck",19879,656557
"Brandon Pfaadt","ARI",0.55710705,93.78534704,0.27318296,84.85976409,,,0.05298962,80.84459459,0.11278195,87.4984127,0.00393842,89.81818182,,,0.00286021,"Brandon Pfaadt",27782,694297